name,count
Josh Brolin,2
Trent Reznor,1
Sakura Sykes,1
Tiffany Alycia Tong,1
Donald Heng,1
Tal Shulman,1
Sandy Robson,1
Kara Swisher,1
Robin Roberts,1
Kwesi Ameyaw,1
Gary Vaynerchuk,1
Atticus Ross,1
Roark Critchlow,1
Roger Cross,1
Aaron Paul Stewart,1
Sarah Desjardins,1
Cameron Monaghan,1
Arturo Castro,1
Hasan Minhaj,1
Jeff Bridges,1
Jodie Turner-Smith,1
Gillian Anderson,1
Katharine Isabelle,1
Vivian Atencio,1
Ann Mahoney,1
Carl Palmer,1
Bentley Cooper,1
Gavin Borders,1
Grant Feely,1
Han Soto,1
Miriam Spumpkin,1
Audrey Lynn-Marie,1
Teo Briones,1
Shannon Leto,1
Mckenna Grace,1
Wayne Knight,1
Freddy Carter,1
Matthew Lillard,1
Elizabeth Lail,1
Piper Rubio,1
Josh Hutcherson,1
Bella Poarch,1
Catherine Haena Kim,1
Selene Yun,1
Cailee Spaeny,1
David Andrew Calvillo,1
Matthew Jacobs Morgan,1
Hugh Wyld,1
Daphne Cheung,1
Laura Elsworthy,1
Nicola Hughes,1
Ray Bolton,1
Leo Abelo Perry,1
Bertie Drain,1
Georgie Drain,1
Cecilia Blair,1
Evan Peters,1
Paul Hilton,1
Gavin Spokes,1
Kit Burden,1
Jamie Karitzis,1
Noah Segan,1
Bridget Everett,1
James Faulkner,1
Annie Hamilton,1
Jeffrey Wright,1
Thomas Haden Church,1
Daryl McCormack,1
Joseph Gordon-Levitt,1
Greta Lee,1
Jared Leto,1
Andrey Grouchko,1
Sarah Ann Mayer,1
Maxim Yurov,1
Lola Manzini,1
Vladislav Lapidus,1
Randall J. Bacon,1
Jaylen Moore,1
Rob Moran,1
Scarlet Rose Stallone,1
Kerry Frances,1
Rocky Myers,1
James DuMont,1
A.J. Buckley,1
Sofia Hublitz,1
Jordi Mollà,1
Shelley Hennig,1
Mel Gibson,1
Bill Davey,1
Eddie Gorodetsky,1
Dan Chariton,1
Ian Porter,1
Oliver Trevena,1
Elle Fanning,1
Chihiro Ikki,1
Takahiro Sumi,1
Ryo Nishitani,1
Takeo Motoi,1
Hayato Kimura,1
David Harbour,1
Natsuki Hanae,1
Maaya Uchida,1
Shogo Sakata,1
Cindy Pol,1
Reina Ueda,1
Kikunosuke Toya,1
Leigh Gill,1
India Shaw-Smith,1
Claudia Black,1
Jordi Webber,1
Ivana Baquero,1
Jamaica Vaughan,1
Tenika Davis,1
Graham McTavish,1
Nick E. Tarabay,1
Tomori Kusunoki,1
Matilda Lawler,1
Jovan Adepo,1
Taylour Paige,1
Nell Fisher,1
Linda Hamilton,1
Jamie Campbell Bower,1
Brett Gelman,1
Priah Ferguson,1
Cara Buono,1
Maya Hawke,1
Joe Keery,1
Dimitrius Schuster-Koloamatangi,1
Charlie Heaton,1
Sadie Sink,1
Gaten Matarazzo,1
Caleb McLaughlin,1
Matt Duffer,1
Alison Wright,1
Cameron Brown,1
Reuben De Jong,1
Stefan Grube,1
Michael Homick,1
Ravi Narayan,1
Natalia Dyer,1
Toby Nichols,1
Bryce Romero,1
Billy Slaughter,1
Abigail Shannon,1
Wallis Lee,1
Bailey Winston,1
Sara Brooks,1
Lucy Faust,1
Ronald Chavis,1
Sylvia Grace Crim,1
Erlend Norås,1
Ellison Booker,1
Trazi Lashawn,1
Joshua Sienkiewicz,1
Keon Motakhaveri,1
Jalia Martin,1
Evan Soto,1
Noah Brand,1
Michael P. Sullivan,1
Cory Kenshin,1
Skeet Ulrich,1
Theodus Crane,1
Logan Horwitz,1
Ingrid Vollan,1
Trond Magnum,1
Thea Borring Lande,1
Molly Feeley,1
Ágota Dunai,1
Dennis Storhøi,1
Gard B. Eidsvold,1
Yusuf Toosh Ibra,1
Ola G. Furuseth,1
Jon Ketil Johnsen,1
Duc Mai-The,1
Ja'Quan Monroe-Henderson,1
Karoline Viktoria Sletteng Garvang,1
Sara Khorami,1
Mads Sjøgård Pettersen,1
Kim S. Falck-Jørgensen,1
Ine Marie Wilmann,1
Rhys Williams,1
8-BitRyan,1
Lewis Dawkins,1
Matthew Patrick,1
Kellen Goff,1
Megan Fox,1
Anne Krigsvoll,1
Sasha Piqué Mebarak,1
Tig Notaro,1
Nick DiGiovanni,1
Blake Slatkin,1
Hewitt Bush,1
Dwayne Johnson,1
Michael J. Fox,1
Auliʻi Cravalho,1
Tommy Chong,1
Josh Dallas,1
Andrew Scott,1
Raymond S. Persi,1
Leah Latham,1
Maurice LaMarche,1
Tommy Lister Jr.,1
John Leguizamo,1
Brenda Song,1
Macaulay Culkin,1
Alan Tudyk,1
Jean Reno,1
Wilmer Valderrama,1
Stephanie Beatriz,1
Jenny Slate,1
Anika Noni Rose,1
David VanTuyle,1
Robert Irwin,1
Peter Mansbridge,1
Josh Gad,1
Mark Rhino Smith,1
Mario López,1
Allegra Leguizamo,1
Cecily Strong,1
Melissa Goodwin Shepherd,1
Milan Piqué Mebarak,1
June Squibb,1
Jared Bush,1
Byron Howard,1
George Pennacchio,1
Tiffany Lonsdale,1
Yvette Nicole Brown,1
Ed Sheeran,1
Amanda Gorman,1
Daniel V. Graulau,1
Bob Iger,1
Jake Robards,1
Rachel House,1
Finn Wolfhard,1
Akihiro Mine,1
Taro Kiuchi,1
Kento Shiraishi,1
Yuhko Kaida,1
Kenichi Ono,1
Eri Kitamura,1
Kenji Nomura,1
Kenji Akabane,1
Hidenori Takahashi,1
Phil Brooks,1
Kenjiro Tsuda,1
Shiori Izawa,1
Yuuya Uchida,1
Fairouz Ai,1
Karin Takahashi,1
Winona Ryder,1
Millie Bobby Brown,1
Ross Duffer,1
Noah Schnapp,1
Misano Sakai,1
Hikari Aomi,1
Marina Inoue,1
Joe Anoa'i,1
David Fane,1
Michelle Gomez,1
Don Lake,1
Bonnie Hunt,1
Nate Torrence,1
Danny Trejo,1
Quinta Brunson,1
Patrick Warburton,1
Shakira,1
Idris Elba,1
Clara Stack,1
Andy Samberg,1
Fortune Feimster,1
Ke Huy Quan,1
Jason Bateman,1
Ginnifer Goodwin,1
Peter Outerbridge,1
Arian S. Cartaya,1
Blake Cameron James,1
Stephen Rider,1
James Remar,1
Chris Chalk,1
David Strathairn,1
Oluniké Adeliyi,1
Charley Palmer Rothwell,1
Bill O'Neill,1
Chi Lewis-Parry,1
Michael Bacall,1
Henry Miller,1
Danny McCarthy,1
Angelo Gray,1
Rich Hall,1
Derek Miller,1
Taylen Biggs,1
Joshua Moore,1
Dylan Moore,1
Clarisse Encontre,1
John Addison,1
Hannah McClean,1
Russell Hicks,1
John Paul Wagner,1
Tom Crowhurst,1
Billy Clements,1
Lee Charles,1
Robert Eades,1
Kaya Slawecka,1
Amanda Christine,1
Kerry Washington,1
Jeremy Renner,1
Mila Kunis,1
Glenn Close,1
Josh O'Connor,1
Daniel Craig,1
Brisket Powell,1
Mason Houltram,1
Ada Player,1
Roshani Abbey,1
Jaya Griffith,1
Tadhg Murphy,1
Graeme Dalling,1
Brandon Burke,1
Renée Lamb,1
Jack Johnson,1
Boe Radley,1
Alex Neustaedter,1
Mark Heenehan,1
Will O'Donnell,1
Corey Johnson,1
Bebe Cave,1
Miles Ley,1
Shelley Conn,1
Sandra Dickinson,1
Karl Glusman,1
David Zayas,1
Sean Hayes,1
Martin Herlihy,1
Katy O'Brian,1
Jayme Lawson,1
Daniel Ezra,1
William H. Macy,1
Reomy D. Mpeho,1
Michael Cera,1
Lee Pace,1
Colman Domingo,1
Glen Powell,1
Fabienne Rawley,1
Jeremy Milton,1
Carrie Liao,1
Merrick Bush,1
Emmitt Bush,1
Natalia Adame Mendoza,1
Mae Martin,1
Emilia Jones,1
Simon Haines,1
Tom Mackley,1
Alex Hoeffler,1
Greg Townley,1
Julia Cumming,1
Thalía Dudek,1
Law X,1
Chris Rogers,1
Michael Mears,1
James Frecheville,1
Nicholas Richardson,1
James Austin Johnson,1
Suzanne Prescott,1
Sophie Simnett,1
Georgia Goodman,1
George Carroll,1
Sienna Benn,1
Alyssa Benn,1
Malcolm Atobrah,1
Noah Ritter,1
Catherine Cohen,1
Emma Sidi,1
Debi Mazar,1
Joey Ansah,1
